{"cameraMode":{"drawMode":0,"name":"Shaded","section":"Shading Mode"},"sceneLighting":true,"audioPlay":false,"sceneViewState":{"showFog":true,"showMaterialUpdate":false,"showSkybox":true,"showFlares":true,"showImageEffects":true,"showParticleSystems":true},"in2DMode":false,"pivot":{"x":2.663905620574951,"y":-16.369197845458986,"z":-1.3285008668899537},"rotation":{"x":-0.6995795965194702,"y":0.009645353071391583,"z":-0.009444898925721646,"w":-0.7144271731376648},"size":60.29397201538086,"orthographic":false}